Filename,principal.value,principal.is_handwritten,attorney_in_fact.value,attorney_in_fact.is_handwritten
synthetic_sample_000,520027186,true,660149964,false
synthetic_sample_001,033444670,false,300386810,true
synthetic_sample_002,730556255,true,119955367,true
synthetic_sample_003,826129645,true,875833949,false
synthetic_sample_004,084967355,true,049448145,true
synthetic_sample_005,299804799,false,497512442,true
synthetic_sample_006,296204274,false,978087039,true
synthetic_sample_007,073090938,true,975195629,false
synthetic_sample_008,,false,586747644,true
synthetic_sample_009,095575676,false,630562635,true
synthetic_sample_010,,false,,false
synthetic_sample_011,823191077,true,748970639,false
synthetic_sample_012,912393162,false,908148034,false
synthetic_sample_013,917002248,false,,false
synthetic_sample_014,051397867,false,160515581,false
synthetic_sample_015,,false,204974943,false
synthetic_sample_016,055883292,false,825615651,true
synthetic_sample_017,075236851,false,096798897,true
synthetic_sample_018,069178978,true,303815526,false
synthetic_sample_019,029527397,false,283505121,false
